Name,Age,Teams,Matches,Runs,Bat avg,Wickets,Bowl avg,DOB,PlayerID,Country
V Kohli,32.0,RCB,192,5878,38.17,4,92.0,1988-05-11,3600,India
SK Raina,34.0,"CSK, GUJ",193,5368,33.34,25,45.8,1986-11-27,3287,India
DA Warner,34.0,"DDV, SUN",142,5254,42.72,0,,1986-10-27,3637,Australia
RG Sharma,33.0,"DCH, MIN",200,5230,31.32,15,31.67,1987-04-30,3474,India
S Dhawan,35.0,"DDV, MIN, DCH, SUN",178,5197,34.42,4,23.25,1985-05-12,3832,India
AB de Villiers,36.0,"DDV, RCB",169,4849,40.41,0,,1984-02-17,3241,South Africa
CH Gayle,41.0,"KKR, RCB, KXI",132,4772,41.14,18,40.5,1979-09-21,2217,West Indies
MS Dhoni,39.0,"CSK, RPS",204,4632,40.99,0,,1981-07-07,3243,India
RV Uthappa,35.0,"MIN, RCB, PWI, KKR, RRO",189,4607,27.92,0,,1985-11-11,3355,India
G Gambhir,39.0,"DDV, KKR",154,4217,31.01,0,,1981-10-14,3107,India
AM Rahane,32.0,"MIN, RRO, RPS, DDV",149,3933,31.72,1,5.0,1988-06-06,3889,India
SR Watson,39.0,"RRO, RCB, CSK",145,3874,30.99,92,29.15,1981-06-17,3017,Australia
KD Karthik,35.0,"DDV, KXI, MIN, RCB, GUJ, KKR",196,3823,26.01,0,,1985-01-06,3210,India
AT Rayudu,35.0,"MIN, CSK",159,3659,29.51,0,,1985-09-23,4069,India
MK Pandey,31.0,"MIN, RCB, PWI, KKR, SUN",146,3268,29.71,0,,1989-10-09,4083,India
YK Pathan,38.0,"RRO, KKR, SUN",174,3204,29.13,42,33.02,1982-11-17,3550,India
KA Pollard,33.0,MIN,164,3023,29.93,60,32.28,1987-12-05,3465,West Indies
BB McCullum,39.0,"KKR, KTK, CSK, GUJ, RCB",109,2880,27.69,0,,1981-09-27,3008,New Zealand
PA Patel,35.0,"CSK, KTK, DCH, SUN, RCB, MIN",139,2848,22.6,0,,1985-09-03,3035,India
Yuvraj Singh,39.0,"KXI, PWI, RCB, DDV, SUN, MIN",132,2750,24.77,36,29.92,1981-12-12,2949,India
V Sehwag,42.0,"DDV, KXI",104,2728,27.56,6,39.17,1978-10-20,2878,India
KL Rahul,28.0,"RCB, SUN, KXI",81,2647,44.86,0,,1992-04-18,4137,India
M Vijay,36.0,"CSK, DDV, KXI",106,2619,25.93,0,,1984-01-04,3626,India
SV Samson,26.0,"RRO, DDV",107,2584,27.78,0,,1994-11-11,4099,India
SE Marsh,37.0,KXI,71,2477,39.95,0,,1983-09-07,3561,Australia
JH Kallis,45.0,"RCB, KKR",98,2427,28.55,65,35.28,1975-10-16,2043,South Africa
DR Smith,37.0,"MIN, DCH, CSK, GUJ",91,2385,28.39,26,31.15,1983-12-04,3157,West Indies
SR Tendulkar,47.0,MIN,78,2334,34.84,0,,1973-04-24,1735,India
SPD Smith,31.0,"PWI, RRO, RPS",95,2333,35.35,0,,1989-02-06,3756,Australia
F du Plessis,36.0,"CSK, RPS",84,2302,32.89,0,,1984-07-13,3847,South Africa
SS Iyer,26.0,DDV,79,2200,31.43,0,,1994-06-12,4387,India
R Dravid,47.0,"RCB, RRO",89,2174,28.23,0,,1973-11-01,2060,India
RA Jadeja,32.0,"RRO, KTK, CSK, GUJ",184,2159,25.4,112,30.98,1988-06-12,3644,India
RR Pant,23.0,DDV,68,2079,35.24,0,,1997-04-10,4542,India
AC Gilchrist,49.0,"DCH, KXI",80,2069,27.22,1,0.0,1971-11-14,2192,Australia
JP Duminy,36.0,"MIN, DCH, DDV",83,2029,39.78,23,36.26,1984-04-14,3208,South Africa
SA Yadav,30.0,"MIN, KKR",101,2024,30.21,0,,1990-09-14,4073,India
AJ Finch,34.0,"RRO, DDV, PWI, SUN, MIN, GUJ, KXI, RCB",87,2005,25.71,1,67.0,1986-11-17,3845,Australia
WP Saha,36.0,"KKR, CSK, KXI, SUN",124,1979,25.7,0,,1984-10-24,3759,India
MEK Hussey,45.0,"CSK, MIN",59,1977,38.76,0,,1975-05-27,3160,Australia
Q de Kock,28.0,"SUN, DDV, RCB, MIN",66,1959,31.6,0,,1992-12-17,3988,South Africa
DA Miller,31.0,"KXI, RRO",80,1850,33.04,0,,1989-10-06,3783,South Africa
DPMD Jayawardene,43.0,"KXI, KTK, DDV",80,1802,28.6,0,,1977-05-27,2104,Sri Lanka
JC Buttler,30.0,"MIN, RRO",58,1714,34.98,0,,1990-08-09,3888,England
MK Tiwary,35.0,"DDV, KKR, RPS, KXI",98,1695,28.73,1,83.0,1985-11-14,3530,India
MA Agarwal,29.0,"RCB, DDV, RPS, KXI",88,1690,21.13,0,,1991-02-16,4104,India
KC Sangakkara,43.0,"KXI, DCH, SUN",71,1687,25.95,0,,1977-10-27,2226,Sri Lanka
Mandeep Singh,29.0,"KKR, KXI, RCB",104,1659,22.12,0,,1991-12-18,4046,India
KS Williamson,30.0,SUN,53,1619,39.49,0,,1990-08-08,3817,New Zealand
NV Ojha,37.0,"RRO, DDV, SUN",113,1554,20.72,0,,1983-07-20,3789,India
AD Russell,32.0,"DDV, KKR",74,1517,29.75,61,28.08,1988-04-29,3836,West Indies
GJ Maxwell,32.0,"DDV, MIN, KXI",82,1505,22.13,19,41.05,1988-10-14,3969,Australia
DJ Bravo,37.0,"MIN, CSK, GUJ",140,1490,22.58,153,24.82,1983-07-10,3166,West Indies
KK Nair,29.0,"RCB, RRO, DDV, KXI",73,1480,24.26,0,,1991-06-12,4123,India
S Badrinath,40.0,CSK,95,1441,30.66,0,,1980-08-30,3608,India
N Rana,26.0,"MIN, KKR",60,1437,28.18,7,20.29,1993-12-27,4400,India
BJ Hodge,45.0,"KKR, KTK, RRO",66,1400,33.33,17,17.82,1974-12-29,3330,Australia
SS Tiwary,30.0,"MIN, RCB, DDV, RPS",88,1379,27.58,0,,1989-12-30,3833,India
HH Pandya,27.0,MIN,80,1349,29.98,42,31.26,1993-11-10,4399,India
SC Ganguly,48.0,"KKR, PWI",59,1349,25.45,10,36.3,1972-08-07,2059,India
DJ Hussey,43.0,"KKR, KXI, CSK",64,1322,26.98,8,59.25,1977-07-15,3595,Australia
CA Lynn,30.0,"DCH, KKR, MIN",41,1280,33.68,0,,1990-10-04,4108,Australia
EJG Morgan,34.0,"RCB, KKR, SUN, KXI",66,1272,25.44,0,,1986-10-09,3416,England
Ishan Kishan,22.0,"GUJ, MIN",51,1211,28.83,0,,1998-07-18,4544,India
TM Dilshan,44.0,"DDV, RCB",52,1153,26.81,5,69.6,1976-10-14,2197,Sri Lanka
KM Jadhav,35.0,"DDV, KTK, RCB, CSK",87,1141,22.82,0,,1985-03-26,4033,India
IK Pathan,36.0,"KXI, DDV, SUN, RPS, GUJ",103,1139,21.49,80,33.11,1984-10-27,3156,India
ML Hayden,49.0,CSK,32,1107,36.9,0,,1971-10-29,1976,Australia
LMP Simmons,35.0,MIN,29,1079,39.96,1,34.0,1985-01-25,3447,West Indies
LRPL Taylor,36.0,"RCB, RRO, DDV, PWI",55,1017,25.43,0,,1984-08-03,3348,New Zealand
M Vohra,27.0,"KXI, RCB, RRO",49,1012,23.53,0,,1993-07-18,4052,India
KP Pietersen,40.0,"RCB, DDV, RPS",36,1001,37.07,7,30.71,1980-06-27,3238,England
KH Pandya,29.0,MIN,71,1000,25.0,46,32.78,1991-03-24,4552,India
RA Tripathi,29.0,"RPS, RRO, KKR",45,988,25.33,0,,1991-02-03,4679,India
Y Venugopal Rao,38.0,"DCH, DDV, SUN",65,985,22.39,6,56.17,1982-02-26,3288,India
JA Morkel,39.0,"CSK, RCB, DDV, RPS",91,974,24.35,85,27.75,1981-10-06,3162,South Africa
A Symonds,45.0,"DCH, MIN",39,974,36.07,20,33.7,1975-09-06,2907,Australia
MC Henriques,33.0,"KKR, DDV, RCB, SUN",57,969,28.5,38,32.74,1987-01-02,3680,Australia
CL White,37.0,"RCB, DCH, SUN",47,954,26.5,1,86.0,1983-08-18,3325,Australia
Shubman Gill,21.0,KKR,41,939,33.54,0,,1999-08-09,4769,India
BA Stokes,29.0,"RPS, RRO",42,920,26.29,28,34.36,1991-04-06,3883,England
AR Patel,26.0,"KXI, DDV",97,913,18.26,80,30.7,1994-01-20,4310,India
SP Narine,32.0,KKR,120,892,16.83,127,24.78,1988-05-26,3922,West Indies
HH Gibbs,46.0,"DCH, MIN",36,886,27.69,0,,1974-02-23,2080,South Africa
STR Binny,36.0,"MIN, RRO, RCB",95,880,19.13,22,34.45,1984-03-06,4089,India
Harbhajan Singh,40.0,"MIN, CSK",160,829,15.64,150,26.55,1980-03-07,2138,India
PP Shaw,21.0,DDV,38,826,21.74,0,,1999-09-11,4759,India
MP Stoinis,31.0,"KXI, RCB, DDV",46,825,28.45,28,30.43,1989-08-16,4389,Australia
MS Bisla,36.0,"KXI, KKR, RCB",39,798,21.0,0,,1984-10-27,4055,India
JM Bairstow,31.0,SUN,21,790,41.58,0,,1989-09-26,3900,England
ST Jayasuriya,51.0,MIN,30,768,27.43,13,28.54,1969-06-30,872,Sri Lanka
Shakib Al Hasan,33.0,"KKR, SUN",63,746,21.31,59,28.0,1987-03-24,3426,Bangladesh
GC Smith,39.0,"RRO, PWI",29,739,28.42,0,,1981-01-02,3014,South Africa
AD Mathews,33.0,"KKR, PWI, DDV",49,724,23.35,27,39.96,1987-02-06,3628,Sri Lanka
TL Suman,37.0,"DCH, MIN, PWI",43,676,21.13,6,37.17,1983-12-15,4086,India
AM Nayar,37.0,"MIN, KXI, PWI, RRO",60,672,17.68,9,35.78,1983-08-10,3704,India
GJ Bailey,38.0,"CSK, KXI, RPS",40,663,24.56,0,,1982-07-09,3929,Australia
V Shankar,29.0,"CSK, SUN, DDV",40,654,29.73,6,38.17,1991-01-26,4027,India
DJ Hooda,25.0,"RRO, SUN, KXI",68,625,16.89,7,46.0,1995-04-19,4404,India
JD Ryder,36.0,"RCB, PWI",29,604,21.57,8,37.88,1984-06-08,3532,New Zealand
PP Chawla,31.0,"KXI, KKR, CSK",164,584,11.92,156,27.33,1988-12-24,3351,India
HM Amla,37.0,KXI,16,577,44.38,0,,1983-03-31,3236,South Africa
CH Morris,33.0,"CSK, RRO, DDV, RCB",70,551,23.96,79,24.29,1987-04-30,3989,South Africa
CJ Anderson,30.0,"MIN, DDV, RCB",30,538,24.45,11,47.09,1990-12-13,3983,New Zealand
RS Bopara,35.0,"KXI, SUN",24,531,29.5,11,26.55,1985-04-05,3460,England
JP Faulkner,30.0,"PWI, KXI, RRO, GUJ",60,527,21.08,59,30.14,1990-04-29,3930,Australia
N Pooran,25.0,KXI,21,521,32.56,0,,1995-02-10,4587,West Indies
M Manhas,41.0,"DDV, PWI, CSK",55,514,22.35,0,,1979-12-10,4080,India
Gurkeerat Singh,30.0,"KXI, RCB",41,511,21.29,5,19.4,1990-06-29,4212,India
OA Shah,42.0,"KKR, KTK, RRO",23,506,33.73,0,,1978-10-22,2974,England
PC Valthaty,37.0,"RRO, KXI",23,505,22.95,7,29.29,1983-07-12,4051,India
D Padikkal,20.0,RCB,15,473,31.53,0,,2000-07-07,4948,India
DT Christian,37.0,"DCH, RCB, RPS, DDV",40,446,17.15,34,30.5,1983-04-05,3766,Australia
SN Khan,23.0,"RCB, KXI",38,441,25.94,0,,1997-10-27,4408,India
E Lewis,28.0,MIN,16,430,26.88,0,,1991-12-27,4538,West Indies
SA Asnodkar,36.0,RRO,20,423,21.15,0,,1984-04-29,4146,India
NLTC Perera,31.0,"CSK, KTK, MIN, SUN, KXI, RPS",37,422,19.18,31,32.77,1989-03-04,3747,Sri Lanka
JR Hopes,42.0,"KXI, DDV",21,417,26.06,14,39.14,1978-10-24,3273,Australia
R Ashwin,34.0,"CSK, RPS, KXI, DDV",154,412,10.84,138,26.81,1986-09-17,3788,India
J Botha,38.0,"RRO, DDV, KKR",34,409,20.45,25,32.0,1982-02-05,3329,South Africa
LR Shukla,39.0,"KKR, DDV",47,405,15.0,15,31.67,1981-06-05,2880,India
AL Menaria,30.0,RRO,29,401,19.1,3,48.0,1990-10-29,4097,India
MV Boucher,44.0,"RCB, KKR",31,394,28.14,0,,1976-03-12,2116,South Africa
CA Pujara,32.0,"KKR, RCB, KXI",29,390,20.53,0,,1988-01-25,3826,India
Azhar Mahmood,45.0,"KXI, KKR",23,388,20.42,29,24.14,1975-02-28,2113,Pakistan
DB Ravi Teja,33.0,"DCH, SUN",32,375,19.74,1,28.0,1987-05-09,4112,India
S Sohal,33.0,"KXI, DCH",22,368,18.4,0,,1987-10-11,4127,United States
R Tewatia,27.0,"RRO, KXI, DDV",34,366,30.5,24,28.33,1993-05-20,4379,India
P Negi,27.0,"DDV, CSK, RCB",50,365,14.04,34,27.62,1993-06-01,4038,India
A Mishra,38.0,"DDV, DCH, SUN",150,362,11.68,160,24.19,1982-11-24,3108,India
R Bhatia,34.0,"DDV, KKR, RRO, RPS",95,342,11.4,71,28.46,1986-10-22,4054,India
P Kumar,34.0,"RCB, KXI, MIN, SUN, GUJ",119,340,8.95,90,36.12,1986-02-10,3514,India
AP Tare,33.0,"MIN, SUN, DDV",35,339,14.13,0,,1987-07-11,4072,India
SW Billings,29.0,"DDV, CSK",22,334,17.58,0,,1991-06-15,4428,England
JEC Franklin,40.0,MIN,20,327,29.73,9,24.22,1980-07-11,2263,New Zealand
RN ten Doeschate,40.0,KKR,29,326,23.29,2,47.0,1980-06-30,3407,Netherlands
KV Sharma,33.0,"RCB, SUN, MIN, CSK",68,317,15.1,59,27.29,1987-10-23,4115,India
R Vinay Kumar,36.0,"RCB, KTK, KKR, MIN",105,310,11.07,105,28.25,1984-12-02,3782,India
MM Ali,33.0,RCB,19,309,20.6,10,30.8,1987-06-18,4271,England
DB Das,34.0,KKR,31,304,21.71,0,,1986-09-22,4056,India
C de Grandhomme,34.0,"KKR, RCB",25,303,18.94,6,55.5,1986-07-22,3936,New Zealand
LA Pomersbach,36.0,"KXI, RCB",17,302,27.45,0,,1984-09-28,3691,Australia
UBT Chand,27.0,"DDV, RRO, MIN",21,300,15.0,0,,1993-03-26,4030,India
DJG Sammy,37.0,"SUN, RCB",22,295,19.67,11,31.82,1983-12-20,3228,West Indies
SP Goswami,31.0,"RCB, KKR, RRO, SUN",31,293,14.65,0,,1989-05-18,4094,India
Y Nagar,30.0,DDV,26,285,20.36,4,31.25,1990-06-01,4036,India
GH Vihari,27.0,"SUN, DDV",24,284,14.2,1,47.0,1993-10-13,4117,India
VVS Laxman,46.0,"DCH, KTK",20,282,15.67,0,,1974-01-11,2079,India
SM Curran,22.0,"KXI, CSK",23,281,23.42,23,29.0,1998-03-06,4787,England
B Chipli,37.0,"RCB, DCH, DDV",23,280,18.67,0,,1983-01-27,4157,India
A Ashish Reddy,29.0,"DCH, SUN",31,280,18.67,18,22.0,1991-02-24,4107,India
MJ Lumb,40.0,"RRO, DCH",12,278,23.17,0,,1980-12-02,3781,England
SO Hetmyer,23.0,"RCB, DDV",17,275,21.15,0,,1996-12-26,4681,West Indies
MJ Guptill,34.0,"MIN, KXI, SUN",13,270,22.5,0,,1986-09-30,3633,New Zealand
R Sathish,39.0,"MIN, KXI, KKR",34,270,15.88,3,77.33,1981-01-14,4049,India
M Kaif,40.0,"RRO, KXI, RCB",29,259,14.39,0,,1980-01-12,2213,India
R Parag,19.0,RRO,19,246,20.5,2,74.0,2001-10-11,4943,India
SM Katich,45.0,KXI,11,241,24.1,0,,1975-08-21,2743,Australia
BCJ Cutting,33.0,"RRO, SUN, MIN",21,238,21.64,10,42.9,1987-01-30,3995,Australia
MD Mishra,36.0,"DCH, PWI",18,237,14.81,0,,1984-09-02,4186,India
MR Marsh,29.0,"DCH, PWI, RPS, SUN",21,226,17.38,20,21.0,1991-10-20,3912,Australia
PJ Cummins,27.0,"KKR, DDV",30,223,17.15,29,31.31,1993-08-05,3909,Australia
K Goel,33.0,KXI,22,218,14.53,0,,1986-12-24,4139,India
AA Jhunjhunwala,38.0,"RRO, PWI, DCH",21,217,16.69,1,129.0,1982-01-12,4179,India
CA Ingram,35.0,DDV,15,205,17.08,0,,1985-03-07,3823,South Africa
TM Head,26.0,RCB,10,205,29.29,2,40.5,1993-12-29,4386,Australia
RD Gaikwad,23.0,CSK,6,204,51.0,0,,1997-01-31,4931,India
PD Collingwood,44.0,DDV,8,204,40.8,5,20.2,1976-05-26,2973,England
SK Warne,51.0,RRO,55,198,9.9,56,25.84,1969-09-13,1856,Australia
SP Fleming,47.0,CSK,10,196,21.78,0,,1973-01-04,1977,New Zealand
JC Archer,25.0,RRO,35,195,15.0,46,21.33,1995-01-04,4777,England
AS Raut,33.0,RRO,22,194,21.56,0,,1987-03-03,4154,India
Salman Butt,36.0,KKR,7,193,27.57,0,,1984-07-10,3132,Pakistan
BJ Rohrer,39.0,DDV,8,193,32.17,0,,1981-03-26,4000,Australia
YV Takawale,36.0,"MIN, RCB",16,192,24.0,0,,1984-05-11,4166,India
Bipul Sharma,37.0,"KXI, SUN",33,187,23.38,17,33.65,1983-09-28,4041,India
K Gowtham,32.0,"RRO, KXI",24,186,14.31,13,43.23,1988-10-20,4668,India
Washington Sundar,21.0,"RPS, RCB",36,186,16.91,24,31.21,1999-05-10,4684,India
B Kumar,30.0,"PWI, SUN",121,183,7.32,136,23.92,1990-05-02,3991,India
FY Fazal,35.0,RRO,12,183,18.3,0,,1985-07-09,4185,India
AC Voges,41.0,RRO,9,181,45.25,0,,1979-04-10,3463,Australia
CR Brathwaite,32.0,"DDV, SUN, KKR",16,181,13.92,13,29.15,1988-07-18,3908,West Indies
JJ Roy,30.0,"GUJ, DDV",8,179,29.83,0,,1990-07-21,4325,England
AB Agarkar,43.0,"KKR, DDV",42,179,17.9,29,39.69,1977-04-12,2159,India
C Munro,33.0,"KKR, DDV",13,177,14.75,0,,1987-11-03,3985,New Zealand
MF Maharoof,36.0,DDV,20,177,17.7,27,19.26,1984-07-09,3171,Sri Lanka
DH Yagnik,37.0,RRO,25,170,17.0,0,,1983-06-22,4103,India
S Dube,27.0,RCB,15,169,16.9,4,20.25,1993-06-26,4945,India
CM Gautam,34.0,"DDV, MIN",13,169,16.9,0,,1986-08-03,4032,India
MN van Wyk,41.0,KKR,5,167,55.67,0,,1979-03-20,3129,South Africa
DW Steyn,37.0,"RCB, DCH, SUN, GUJ",95,167,7.59,97,25.86,1983-06-27,3242,South Africa
S Gopal,27.0,"MIN, RRO",45,164,12.62,48,24.21,1993-04-09,4378,India
PA Reddy,29.0,"DCH, SUN",12,164,16.4,0,,1991-11-02,4113,India
MN Samuels,39.0,"PWI, DDV",15,161,12.38,9,31.56,1981-05-02,2255,West Indies
MG Johnson,39.0,"MIN, KXI, KKR",54,160,12.31,61,27.92,1981-02-11,3334,Australia
RE van der Merwe,35.0,"RCB, DDV",21,159,14.45,21,23.71,1984-12-31,3658,Netherlands
R McLaren,37.0,"MIN, KXI, KKR",18,159,19.88,12,45.17,1983-09-02,3736,South Africa
R Dhawan,30.0,"MIN, KXI",24,153,21.86,18,34.06,1990-02-19,4064,India
AD Hales,31.0,SUN,6,148,24.67,0,,1989-03-01,3887,England
SM Pollock,47.0,MIN,13,147,18.38,11,27.36,1973-07-16,2039,South Africa
Mohammad Nabi,35.0,SUN,14,146,16.22,11,29.27,1985-01-01,3665,Afghanistan
S Vidyut,39.0,CSK,9,145,18.13,1,22.0,1981-03-12,4163,India
Abhishek Sharma,20.0,"DDV, SUN",14,143,17.88,3,37.33,2000-04-09,4756,India
N Saini,32.0,KXI,10,140,14.0,0,,1988-10-28,4047,India
Rashid Khan,22.0,SUN,62,139,8.69,75,20.49,1998-09-20,4484,Afghanistan
Sachin Baby,32.0,"RRO, RCB",18,137,17.13,2,4.0,1988-12-18,4098,India
S Anirudha,33.0,"CSK, SUN",20,136,17.0,0,,1987-04-14,4136,India
PK Garg,20.0,SUN,14,133,14.78,0,,2000-11-30,5866,India
SB Styris,45.0,"DCH, CSK",12,131,18.71,8,34.5,1975-10-07,2899,New Zealand
W Jaffer,42.0,RCB,8,130,16.25,0,,1978-02-16,2208,India
HV Patel,30.0,"RCB, DDV",48,128,9.85,46,29.33,1990-11-23,4125,India
Kamran Akmal,38.0,RRO,6,128,25.6,0,,1982-01-13,3056,Pakistan
P Dogra,36.0,"RRO, KXI, KKR",13,127,11.55,0,,1984-11-19,4180,India
UT Khawaja,34.0,RPS,6,127,21.17,0,,1986-12-18,3842,Australia
D Wiese,35.0,RCB,15,127,31.75,16,25.13,1985-05-18,4228,South Africa
M Morkel,36.0,"RRO, DDV, KKR",70,126,11.45,77,27.13,1984-06-10,3451,South Africa
K Rabada,25.0,DDV,35,125,12.5,61,18.1,1995-05-25,4339,South Africa
MC Juneja,30.0,DDV,7,125,17.86,0,,1990-12-09,4029,India
BB Samantray,32.0,"DCH, SUN",9,125,25.0,0,,1988-12-14,4114,India
B Lee,44.0,"KXI, KKR",38,124,12.4,25,43.8,1976-08-11,2205,Australia
AB McDonald,39.0,"DDV, RCB",11,123,24.6,11,23.73,1981-05-06,3632,Australia
MM Sharma,32.0,"CSK, KXI, DDV",86,122,8.13,92,26.85,1988-09-18,4028,India
UT Yadav,33.0,"DDV, KKR, RCB",121,122,8.71,119,29.9,1987-10-25,3786,India
DL Vettori,41.0,"DDV, RCB",34,121,15.13,28,31.36,1979-01-27,2090,New Zealand
Niraj Patel,39.0,RRO,9,121,30.25,0,,1981-03-26,4147,India
AC Blizzard,36.0,MIN,7,120,17.14,0,,1984-06-27,4061,Australia
RJ Harris,41.0,"DCH, KXI",37,117,9.75,45,23.27,1979-11-10,3638,Australia
Z Khan,42.0,"RCB, MIN, DDV",100,117,8.36,102,27.27,1978-07-10,2245,India
Misbah-ul-Haq,46.0,RCB,8,117,16.71,0,,1974-05-28,2262,Pakistan
KK Cooper,31.0,RRO,25,116,12.89,33,22.94,1989-12-16,4093,West Indies
DJM Short,30.0,RRO,7,115,16.43,1,19.0,1990-09-08,4729,Australia
TG Southee,32.0,"CSK, RRO, MIN, RCB",40,115,14.38,28,46.18,1988-11-12,3542,New Zealand
M Kartik,44.0,"KKR, PWI, RCB, KXI",56,113,16.14,30,46.27,1976-11-09,2209,India
DJ Harris,40.0,DCH,4,111,27.75,0,,1979-12-31,4209,Australia
Abdul Samad,19.0,SUN,12,111,22.2,1,96.0,2001-10-28,5863,India
LJ Wright,35.0,PWI,7,106,21.2,2,62.0,1985-07-03,3499,England
JDP Oram,42.0,"CSK, RRO, MIN",18,106,13.25,9,38.78,1978-07-28,2811,New Zealand
TK Curran,25.0,"KKR, RRO",10,106,26.5,9,36.22,1995-12-03,4693,England
DS Kulkarni,32.0,"MIN, RRO, GUJ",91,104,11.56,86,28.21,1988-10-12,4066,India
JO Holder,29.0,"CSK, SUN, KKR",18,104,14.86,19,28.37,1991-05-11,3998,West Indies
RJ Quiney,38.0,RRO,7,103,14.71,0,,1982-08-20,3974,Australia
MS Gony,36.0,"CSK, DCH, KXI, GUJ",44,99,9.9,37,34.78,1984-04-01,3569,India
SD Chitnis,33.0,"MIN, RRO, KXI",11,99,14.14,2,30.0,1987-06-05,4042,India
MJ Clarke,39.0,PWI,6,98,16.33,2,33.5,1981-02-04,3067,Australia
CJ Ferguson,36.0,PWI,9,98,16.33,0,,1984-11-21,3643,Australia
MA Starc,30.0,RCB,27,96,13.71,34,20.38,1990-01-30,3830,Australia
DJ Jacobs,38.0,MIN,7,92,13.14,0,,1982-04-11,4198,South Africa
PR Shah,33.0,"MIN, RRO",16,92,11.5,0,,1987-03-11,4132,India
S Rana,36.0,"PWI, RCB",11,91,22.75,0,,1984-09-18,4111,India
AJ Tye,34.0,"GUJ, KXI, RRO",27,91,10.11,40,21.8,1986-12-12,4383,Australia
MJ McClenaghan,34.0,MIN,56,91,7.0,71,25.39,1986-11-06,3984,New Zealand
RT Ponting,46.0,"KKR, MIN",10,91,10.11,0,,1974-12-19,2041,Australia
AD Nath,27.0,"GUJ, KXI, RCB",14,90,9.0,0,,1993-10-05,4543,India
SL Malinga,37.0,MIN,122,88,5.5,170,19.85,1983-08-28,3178,Sri Lanka
Iqbal Abdulla,31.0,"KKR, RRO, RCB",49,88,44.0,39,28.44,1989-02-12,4057,India
AP Majumdar,36.0,PWI,4,87,21.75,0,,1984-04-30,4079,India
Ankit Sharma,29.0,"DCH, SUN, RRO, RPS",22,87,12.43,12,37.5,1991-04-20,4106,India
MK Lomror,21.0,RRO,7,87,17.4,0,,1999-11-16,4541,India
RE Levi,32.0,MIN,6,83,13.83,0,,1988-01-14,3939,South Africa
WPUJC Vaas,46.0,DCH,13,81,10.13,18,19.72,1974-01-21,2000,Sri Lanka
Shahid Afridi,40.0,DCH,10,81,10.13,9,25.0,1980-01-03,2152,Pakistan
LA Carseldine,45.0,RRO,5,81,20.25,1,6.0,1975-11-17,4169,Australia
AD Mascarenhas,43.0,"RRO, KXI",13,79,8.78,19,18.74,1977-10-30,3478,England
JR Philippe,23.0,RCB,5,78,19.5,0,,1997-01-06,5860,Australia
DL Chahar,28.0,"RPS, CSK",48,78,11.14,45,28.24,1992-07-08,4557,India
RK Singh,23.0,KKR,10,77,11.0,0,,1997-12-10,4665,India
NM Coulter-Nile,33.0,"MIN, DDV, KKR",33,77,8.56,41,22.56,1987-11-10,4001,Australia
B Akhil,43.0,"RCB, KTK",15,76,12.67,6,40.33,1977-07-10,4131,India
IR Jaggi,31.0,"DCH, KKR",7,76,15.2,0,,1989-01-27,4196,India
TR Birt,39.0,DDV,5,75,15.0,0,,1981-09-12,3757,Australia
SE Rutherford,22.0,"DDV, MIN",7,73,14.6,1,59.0,1998-08-15,4838,West Indies
RR Sarwan,40.0,KXI,4,73,18.25,0,,1980-06-23,2220,West Indies
M Klinger,40.0,KTK,4,73,18.25,0,,1980-04-07,4202,Australia
LS Livingstone,27.0,RRO,4,70,23.33,0,,1993-04-08,4692,England
AA Bilakhia,34.0,DCH,7,69,13.8,0,,1986-05-31,4159,India
RR Powar,42.0,"KXI, KTK",27,67,22.33,13,40.54,1978-05-20,3164,India
H Klaasen,29.0,"RRO, RCB",7,66,13.2,0,,1991-07-30,4731,South Africa
R Sharma,34.0,"DCH, PWI, DDV",44,66,4.71,40,27.15,1986-11-30,3923,India
Mohammad Hafeez,40.0,KKR,8,64,9.14,2,34.0,1980-10-17,3101,Pakistan
JD Unadkat,29.0,"KKR, RCB, DDV, RPS, RRO",80,64,9.14,81,29.9,1991-10-18,3838,India
CR Woakes,31.0,"KKR, RCB",18,63,10.5,25,23.04,1989-02-03,3846,England
WD Parnell,31.0,"PWI, DDV",26,63,7.0,26,26.96,1989-07-30,3642,South Africa
Anirudh Singh,40.0,DCH,5,63,15.75,0,,1980-02-08,4134,India
A Flintoff,43.0,CSK,3,62,31.0,2,52.5,1977-06-12,2148,England
JDS Neesham,30.0,"DDV, KXI",9,61,12.2,3,79.67,1990-09-17,3986,New Zealand
S Aravind,36.0,RCB,38,59,14.75,45,23.09,1984-08-04,4120,India
Kuldeep Yadav,26.0,KKR,45,57,9.5,40,30.9,1994-12-14,4652,India
Mohammed Shami,30.0,"KKR, DDV, KXI",63,56,5.6,60,33.45,1990-03-09,3993,India
WA Mota,39.0,KXI,12,56,9.33,4,24.25,1981-09-20,4140,India
M Rawat,35.0,"RRO, PWI",18,55,11.0,0,,1985-10-25,4085,India
I Sharma,32.0,"KKR, DCH, SUN, RPS, KXI, DDV",90,55,9.17,71,36.73,1988-02-09,3470,India
J Suchith,26.0,"MIN, DDV, KXI",15,54,27.0,12,33.0,1994-01-16,4401,India
RR Rossouw,31.0,RCB,5,53,10.6,0,,1989-09-10,4321,South Africa
A Chopra,43.0,KKR,7,53,8.83,0,,1977-09-19,3136,India
Shoaib Malik,38.0,DDV,7,52,13.0,2,42.5,1982-01-02,2879,Pakistan
RP Singh,35.0,"DCH, KTK, MIN, RCB, RPS",82,52,3.47,90,25.98,1985-06-12,3332,India
KB Arun Karthik,34.0,"CSK, RCB",17,51,10.2,0,,1986-02-15,4121,India
R Rampaul,36.0,RCB,12,51,10.2,15,19.87,1984-10-15,3149,West Indies
RV Gomez,35.0,"KTK, PWI",13,50,10.0,5,25.8,1985-10-16,4076,India
VR Aaron,31.0,"DDV, RCB, KXI, RRO",50,50,10.0,42,34.02,1989-10-29,3916,India
AS Yadav,39.0,DCH,8,49,9.8,0,,1981-12-23,4142,India
SB Bangar,48.0,"DCH, KKR",12,49,7.0,4,54.75,1972-11-10,2999,India
AG Paunikar,32.0,RRO,5,49,9.8,0,,1988-04-18,4194,India
SN Thakur,29.0,"KXI, RPS, CSK",45,48,8.0,46,29.13,1991-10-16,4393,India
Yashpal Singh,39.0,KKR,8,47,11.75,0,,1981-11-27,4153,India
Mohammed Siraj,26.0,"SUN, RCB",35,46,11.5,39,27.79,1994-03-13,4675,India
Sandeep Sharma,27.0,"KXI, SUN",92,44,8.8,109,24.28,1993-05-18,4048,India
LH Ferguson,29.0,"RPS, KKR",14,44,,11,38.55,1991-06-13,4609,New Zealand
Sunny Singh,34.0,KXI,6,43,10.75,0,,1986-12-18,4050,India
AB Barath,30.0,KXI,3,42,21.0,0,,1990-04-14,3739,West Indies
SK Trivedi,38.0,RRO,76,42,6.0,65,29.29,1982-04-09,4102,India
A Nehra,41.0,"MIN, DDV, PWI, CSK, SUN",88,41,5.86,106,23.41,1979-04-29,2168,India
JJ Bumrah,27.0,MIN,92,41,13.67,109,23.73,1993-06-12,4062,India
BR Dunk,33.0,MIN,3,40,13.33,0,,1987-11-03,4337,Australia
YBK Jaiswal,18.0,RRO,3,40,13.33,0,,2001-12-28,5857,India
LPC Silva,41.0,DCH,3,40,20.0,0,,1979-12-14,2882,Sri Lanka
S Nadeem,31.0,"DDV, SUN",71,39,3.0,47,37.19,1989-12-08,4035,India
DJ Thornely,42.0,MIN,6,39,19.5,3,13.33,1978-01-10,4143,Australia
AUK Pathan,36.0,RCB,9,39,7.8,0,,1984-06-17,4197,India
MM Patel,37.0,"RRO, MIN, GUJ",63,39,6.5,74,22.95,1983-12-07,3352,India
Umar Gul,36.0,KKR,6,39,13.0,12,15.33,1984-04-14,3100,Pakistan
SP Jackson,34.0,KKR,4,38,19.0,0,,1986-09-27,4122,India
S Narwal,38.0,"RRO, KKR",7,37,12.33,5,40.4,1982-04-16,4183,India
Anureet Singh,32.0,"KKR, KXI, RRO",23,36,9.0,18,34.61,1988-02-03,4155,India
L Balaji,39.0,"CSK, KKR, KXI",73,36,4.5,76,26.68,1981-09-27,3057,India
KW Richardson,29.0,"PWI, RRO, RCB",14,36,12.0,18,24.67,1991-12-02,3996,Australia
Sohail Tanvir,36.0,RRO,11,36,12.0,23,11.57,1984-12-12,3502,Pakistan
Joginder Sharma,37.0,CSK,16,36,9.0,12,35.83,1983-10-23,3244,India
AN Ahmed,32.0,"MIN, RCB",17,36,36.0,12,40.75,1988-05-11,4059,India
B Sumanth,32.0,DCH,5,35,35.0,0,,1988-10-05,4192,India
A Kumble,50.0,RCB,42,35,11.67,45,23.51,1970-10-17,962,India
A Mithun,31.0,RCB,16,34,6.8,7,67.43,1989-10-25,3767,India
L Ronchi,39.0,MIN,5,34,6.8,0,,1981-04-23,3573,New Zealand
S Sreesanth,37.0,"KXI, KTK, RRO",44,34,8.5,40,29.85,1983-06-02,3327,India
AP Dole,33.0,RRO,3,34,17.0,5,22.4,1987-09-10,4190,India
N Jagadeesan,24.0,CSK,5,33,16.5,0,,1995-12-24,4751,India
D Salunkhe,38.0,RRO,6,33,16.5,1,78.0,1982-12-09,4141,India
Imran Tahir,41.0,"DDV, RPS, CSK",58,33,8.25,80,21.09,1979-03-27,3850,South Africa
AT Carey,29.0,DDV,3,32,16.0,0,,1991-08-27,4726,Australia
Basil Thampi,27.0,"GUJ, SUN",20,32,32.0,17,40.82,1993-11-09,4659,India
CJ Jordan,32.0,"RCB, SUN, KXI",20,32,6.4,21,28.67,1988-04-10,4238,England
MJ Santner,28.0,CSK,6,32,32.0,6,24.5,1992-05-02,4429,New Zealand
RJ Peterson,41.0,MIN,5,32,10.67,3,23.33,1979-04-08,3049,South Africa
NS Naik,26.0,"KXI, KKR",4,31,7.75,0,,1994-09-11,4392,India
P Simran Singh,20.0,KXI,3,31,10.33,0,,2000-10-08,4937,India
S Sriram,44.0,"RCB, DDV",2,31,15.5,0,,1976-02-21,2893,India
T Taibu,37.0,KKR,3,31,10.33,0,,1983-05-14,2975,Zimbabwe
NA Saini,28.0,RCB,26,29,14.5,17,45.65,1992-11-23,4656,India
J Syed Mohammad,37.0,RCB,11,29,14.5,8,35.38,1983-03-06,4128,India
VH Zol,26.0,RCB,3,29,14.5,0,,1994-11-23,4129,India
SB Jakati,40.0,"CSK, RCB, GUJ",59,28,28.0,48,30.23,1980-11-27,4130,India
M Markande,23.0,"MIN, RRO",17,27,9.0,16,26.69,1997-11-11,4772,India
JM Kemp,43.0,CSK,5,26,13.0,3,18.0,1977-02-10,2258,South Africa
AB Dinda,36.0,"KKR, DDV, PWI, RCB, RPS",78,26,2.6,69,30.04,1984-03-25,3740,India
NL McCullum,40.0,PWI,2,26,26.0,0,,1980-01-09,3685,New Zealand
AS Rajpoot,27.0,"CSK, KKR, KXI, RRO",29,26,5.2,24,33.33,1993-04-12,4216,India
A Choudhary,30.0,RCB,5,25,25.0,5,28.8,1990-01-28,4043,India
S Chanderpaul,46.0,RCB,3,25,8.33,0,,1974-08-16,1979,West Indies
PJ Sangwan,30.0,"DDV, KKR, GUJ, MIN",39,24,3.43,35,33.57,1990-05-11,4058,India
ER Dwivedi,32.0,GUJ,4,24,12.0,0,,1988-07-22,4074,India
MA Khote,40.0,MIN,4,24,12.0,2,25.5,1980-04-22,4144,India
KC Cariappa,26.0,"KKR, KXI",11,24,8.0,8,43.5,1994-04-13,4394,India
Shivam Mavi,22.0,KKR,17,23,4.6,14,34.43,1998-11-26,4768,India
SW Tait,37.0,RRO,21,23,7.67,23,27.83,1983-02-22,3319,Australia
BMAJ Mendis,37.0,DDV,3,23,7.67,1,36.0,1983-01-15,3787,Sri Lanka
J Arunkumar,45.0,RCB,3,23,7.67,0,,1975-01-18,4170,India
KL Nagarkoti,20.0,KKR,10,22,7.33,5,46.2,1999-12-28,4766,India
YS Chahal,30.0,"MIN, RCB",99,22,3.67,122,22.32,1990-07-23,4063,India
MS Wade,32.0,DDV,3,22,7.33,0,,1987-12-26,3910,Australia
GB Hogg,49.0,"RRO, KKR",21,22,7.33,23,24.78,1971-06-02,2068,Australia
TU Deshpande,25.0,DDV,5,21,21.0,3,64.0,1995-05-15,5849,India
DE Bollinger,39.0,CSK,27,21,21.0,37,18.73,1981-07-24,3631,Australia
Harpreet Singh,29.0,"KKR, PWI",4,20,10.0,0,,1991-11-08,4077,India
Harpreet Brar,25.0,KXI,3,20,,0,,1995-09-16,4935,India
M Muralitharan,48.0,"CSK, KTK, RCB",66,20,3.33,64,26.33,1972-04-17,1234,Sri Lanka
RR Raje,34.0,MIN,10,20,20.0,6,34.83,1986-03-11,4133,India
AC Thomas,43.0,PWI,15,20,10.0,14,29.0,1977-09-02,3700,South Africa
NJ Maddinson,29.0,RCB,3,20,6.67,0,,1991-12-21,4244,Australia
Vishnu Vinod,27.0,RCB,3,19,6.33,0,,1993-02-12,4678,India
DR Martyn,49.0,RRO,1,19,19.0,0,,1971-10-21,1098,Australia
A Mukund,30.0,"CSK, RCB",3,19,9.5,0,,1990-06-01,3864,India
R Bishnoi,33.0,RCB,3,19,6.33,0,,1987-08-10,4152,India
R Shukla,30.0,"MIN, RRO, DDV",7,19,19.0,5,41.6,1990-08-28,4100,India
Y Gnaneswara Rao,36.0,KTK,2,19,19.0,0,,1984-08-25,4206,India
P Ray Barman,18.0,RCB,1,19,19.0,0,,2002-10-25,4949,India
P Sahu,35.0,KXI,5,19,19.0,3,48.67,1985-08-21,4405,India
T Banton,22.0,KKR,2,18,9.0,0,,1998-11-11,5660,England
JJ van der Wath,42.0,RCB,3,18,9.0,3,43.0,1978-10-10,3339,South Africa
KMA Paul,22.0,DDV,8,18,3.6,9,26.33,1998-02-21,4742,West Indies
BJ Haddin,43.0,KKR,1,18,18.0,0,,1977-10-23,2707,Australia
DS Lehmann,50.0,RRO,2,18,9.0,0,,1970-05-02,2139,Australia
PV Tambe,49.0,"RRO, GUJ",33,18,9.0,28,30.46,1971-06-03,4118,India
Harmeet Singh,33.0,"DCH, KXI",27,18,4.5,26,26.81,1987-09-10,4045,India
Parvez Rasool,31.0,"PWI, SUN, RCB",11,17,8.5,4,67.75,1989-02-13,4311,India
RD Chahar,21.0,"RPS, MIN",31,17,8.5,30,26.63,1999-04-08,4670,India
CK Kapugedera,33.0,CSK,5,16,5.33,0,,1987-02-24,3340,Sri Lanka
PP Ojha,34.0,"DCH, MIN",92,16,1.33,89,26.2,1986-05-09,3574,India
VY Mahesh,33.0,"DDV, CSK",18,15,7.5,21,23.76,1987-12-21,4145,India
SA Abbott,28.0,RCB,2,15,7.5,0,,1992-02-29,4331,Australia
C Madan,38.0,MIN,1,15,15.0,0,,1982-10-15,4193,India
GR Napier,40.0,MIN,1,15,15.0,1,27.0,1980-06-01,4164,England
I Udana,32.0,RCB,10,15,5.0,8,35.25,1988-02-17,3699,Sri Lanka
SD Lad,28.0,"MIN, KKR",1,15,15.0,0,,1992-05-23,4398,India
JL Pattinson,30.0,MIN,10,15,15.0,11,29.09,1990-03-05,3854,Australia
AS Joseph,24.0,MIN,3,15,,6,14.5,1996-11-20,4575,West Indies
F Behardien,37.0,KXI,3,14,7.0,0,,1983-09-10,3951,South Africa
MDKJ Perera,30.0,RRO,2,14,7.0,0,,1990-08-17,3994,Sri Lanka
S Badree,39.0,"RRO, CSK, RCB",12,13,2.6,11,29.0,1981-09-03,3959,West Indies
DT Patil,36.0,RCB,2,13,6.5,0,,1984-06-12,4167,India
KJ Abbott,33.0,KXI,5,13,13.0,2,88.5,1987-06-18,4002,South Africa
DR Shorey,28.0,CSK,2,13,6.5,0,,1992-05-06,4755,India
Karanveer Singh,33.0,KXI,9,12,12.0,12,26.75,1987-08-11,4303,India
S Kaul,30.0,"DDV, SUN",46,12,3.0,51,28.41,1990-05-19,4034,India
AR Bawne,28.0,DDV,1,12,,0,,1992-12-17,4655,India
K Upadhyay,34.0,PWI,3,12,,0,,1986-06-18,4087,India
TA Boult,31.0,"SUN, KKR, DDV, MIN",48,12,4.0,63,25.03,1989-07-22,3924,New Zealand
Swapnil Singh,29.0,KXI,5,12,4.0,1,90.0,1991-01-22,4549,India
DAJ Bracewell,30.0,DDV,1,12,,3,10.67,1990-09-28,3911,New Zealand
T Thushara,39.0,CSK,6,12,6.0,8,20.13,1981-01-03,3126,Sri Lanka
AA Chavan,35.0,RRO,13,12,6.0,8,40.75,1985-10-28,4092,India
T Kohli,32.0,"RRO, KXI",4,11,3.67,0,,1988-12-17,4151,India
T Henderson,46.0,RRO,2,11,5.5,1,40.0,1974-01-08,3679,South Africa
DNT Zoysa,42.0,DCH,3,11,11.0,2,49.5,1978-05-13,2095,Sri Lanka
Mujeeb Ur Rahman,19.0,KXI,18,11,3.67,17,33.12,2001-03-28,4714,Afghanistan
M Ntini,43.0,CSK,9,11,11.0,7,34.57,1977-06-07,2137,South Africa
CV Varun,29.0,"KXI, KKR",14,10,5.0,18,21.72,1991-08-29,4938,India
X Thalaivan Sargunam,35.0,SUN,1,10,10.0,0,,1985-05-15,4116,India
BB Sran,28.0,"RRO, SUN, KXI, MIN",24,10,10.0,18,42.06,1992-10-12,4512,India
D du Preez,39.0,RCB,2,10,10.0,4,14.0,1981-08-11,4171,South Africa
AG Murtaza,30.0,"MIN, PWI",12,10,10.0,9,34.78,1990-01-01,4081,India
SMSM Senanayake,35.0,KKR,8,10,10.0,10,20.9,1985-09-02,3928,Sri Lanka
J Theron,35.0,"KXI, DCH, RRO",10,10,5.0,9,32.56,1985-07-24,3824,United States
KAJ Roach,32.0,DCH,2,10,10.0,0,,1988-06-30,3611,West Indies
TD Paine,36.0,PWI,2,10,5.0,0,,1984-08-12,3725,Australia
SM Harwood,46.0,RRO,3,9,,3,24.33,1974-01-03,3662,Australia
AA Noffke,43.0,RCB,1,9,9.0,1,40.0,1977-04-30,3531,Australia
CK Langeveldt,46.0,"KKR, RCB",7,8,4.0,13,14.38,1974-12-17,2991,South Africa
TS Mills,28.0,RCB,5,8,2.67,5,30.6,1992-12-08,4567,England
JPR Scantlebury-Searles,34.0,KKR,4,8,8.0,2,44.5,1986-12-21,4767,West Indies
Jaskaran Singh,31.0,DCH,8,8,8.0,6,28.5,1989-04-09,4135,India
M Ashwin,30.0,"RPS, RCB, KXI",31,8,2.0,25,31.36,1990-08-09,4556,India
TM Srivastava,31.0,KXI,7,8,8.0,0,,1989-07-11,4156,India
CJ McKay,37.0,MIN,2,8,8.0,1,60.0,1983-02-22,3735,Australia
P Chopra,28.0,RRO,2,8,8.0,0,,1992-07-10,4779,India
AN Ghosh,34.0,KKR,2,7,3.5,0,,1986-10-19,4161,India
Pankaj Singh,35.0,"RRO, RCB",17,7,3.5,11,42.55,1985-06-05,3790,India
IS Sodhi,28.0,RRO,8,7,3.5,9,22.44,1992-10-31,4243,New Zealand
Ankit Soni,27.0,GUJ,7,7,3.5,2,58.5,1993-02-08,5019,India
UA Birla,31.0,PWI,2,7,7.0,0,,1989-10-17,4075,India
RK Bhui,24.0,SUN,2,7,3.5,0,,1996-09-29,4409,India
A Nortje,27.0,DDV,16,7,7.0,22,23.27,1993-11-16,4929,South Africa
Ravi Bishnoi,20.0,KXI,14,7,7.0,12,31.33,2000-05-09,5851,India
P Dubey,27.0,DDV,3,7,,0,,1993-01-07,4559,India
AF Milne,28.0,RCB,5,7,3.5,4,44.25,1992-04-13,3839,New Zealand
VS Malik,37.0,"KXI, RRO",13,7,7.0,6,43.5,1983-09-05,4096,India
I Malhotra,36.0,DCH,1,7,,0,,1984-05-22,4203,India
BA Bhatt,30.0,KXI,17,6,6.0,12,33.08,1990-05-13,4040,India
PSP Handscomb,29.0,RPS,2,6,6.0,0,,1991-04-26,4558,Australia
SS Shaikh,33.0,KKR,2,6,6.0,0,,1987-01-18,4177,India
J Yadav,30.0,"DDV, MIN",14,6,3.0,6,48.17,1990-01-22,4390,India
SB Joshi,51.0,RCB,4,6,3.0,1,82.0,1969-06-06,2053,India
DM Bravo,31.0,KKR,1,6,,0,,1989-06-02,3703,West Indies
Rasikh Salam,19.0,MIN,1,5,,0,,2001-05-04,4942,India
B Stanlake,26.0,"RCB, SUN",6,5,,7,28.57,1994-04-11,4626,Australia
KMDN Kulasekara,38.0,CSK,6,5,,5,24.0,1982-07-22,3147,Sri Lanka
B Laughlin,38.0,"CSK, RRO",9,5,2.5,10,28.2,1982-03-10,3657,Australia
Shivam Sharma,27.0,KXI,5,5,5.0,4,41.25,1993-09-09,4377,India
SJ Srivastava,39.0,KXI,14,5,5.0,14,31.5,1981-09-22,4184,India
P Awana,34.0,KXI,33,5,2.5,39,26.38,1986-07-19,3982,India
A Zampa,28.0,"RPS, RCB",14,5,2.5,21,17.62,1992-03-31,4527,Australia
Avesh Khan,24.0,"RCB, DDV",9,4,,5,59.8,1996-12-13,4673,India
A Chandila,37.0,RRO,12,4,,11,22.0,1983-05-12,4091,India
CRD Fernando,41.0,MIN,10,4,,17,17.53,1979-07-19,2223,Sri Lanka
VRV Singh,36.0,KXI,19,4,2.0,12,45.17,1984-09-17,3354,India
FH Edwards,38.0,DCH,6,4,4.0,5,30.8,1982-06-02,3125,West Indies
A Dananjaya,27.0,MIN,1,4,,0,,1993-04-10,3973,Sri Lanka
GD McGrath,50.0,DDV,14,4,4.0,12,29.75,1970-09-02,1133,Australia
Kartik Tyagi,20.0,RRO,10,4,4.0,9,40.78,2000-08-11,5856,India
DP Nannes,44.0,"DDV, RCB, CSK",29,4,4.0,29,27.55,1976-05-16,3697,Australia
A Uniyal,39.0,RRO,2,4,4.0,2,33.0,1981-11-21,4181,India
RS Sodhi,40.0,KXI,3,4,,0,,1980-10-18,2888,India
BAW Mendis,35.0,"KKR, PWI",10,3,1.5,8,35.63,1985-11-03,3545,Sri Lanka
M Prasidh Krishna,24.0,KKR,24,3,3.0,18,44.5,1996-02-19,4930,India
AJ Turner,27.0,RRO,4,3,1.0,0,,1993-01-25,4648,Australia
S Tyagi,33.0,CSK,14,3,3.0,6,49.17,1987-09-17,3743,India
T Natarajan,29.0,"KXI, SUN",22,3,,18,34.39,1991-05-27,4664,India
R Ninan,35.0,RCB,2,3,3.0,3,21.67,1985-11-19,4200,India
Younis Khan,43.0,RRO,1,3,3.0,0,,1977-11-29,2211,Pakistan
GC Viljoen,31.0,KXI,6,3,1.5,7,31.71,1989-06-03,4513,South Africa
JE Taylor,36.0,PWI,5,3,3.0,6,26.17,1984-06-22,3122,West Indies
Mohammad Asif,38.0,DDV,8,3,1.5,8,37.0,1982-12-20,3245,Pakistan
Kamran Khan,29.0,"RRO, PWI",9,3,3.0,9,23.78,1991-10-03,4149,India
D Kalyankrishna,37.0,DCH,3,3,3.0,2,43.5,1983-12-16,4150,India
Mashrafe Mortaza,37.0,KKR,1,2,,0,,1983-05-10,2995,Bangladesh
S Randiv,35.0,CSK,8,2,2.0,6,37.17,1985-01-30,3746,Sri Lanka
RG More,28.0,CSK,2,2,,1,59.0,1992-11-02,4026,India
A Singh,39.0,RRO,23,2,0.5,28,22.14,1981-06-21,4101,India
Shoaib Akhtar,45.0,KKR,3,2,2.0,5,10.8,1975-08-13,2124,Pakistan
Mohammad Ashraful,36.0,MIN,1,2,2.0,0,,1984-07-07,2964,Bangladesh
SB Wagh,32.0,"RRO, PWI",8,2,1.0,5,27.4,1988-09-10,4088,India
RS Gavaskar,44.0,KKR,2,2,2.0,0,,1976-02-20,3159,India
KP Appanna,32.0,RCB,14,2,2.0,9,31.78,1988-12-20,4119,India
VS Yeligati,35.0,MIN,2,2,2.0,0,,1985-04-23,4148,India
H Das,34.0,DCH,1,2,2.0,0,,1986-10-12,4176,India
M de Lange,30.0,"KKR, MIN",5,1,1.0,5,33.8,1990-10-13,3927,South Africa
NJ Rimmington,38.0,KXI,1,1,,0,,1982-11-11,4199,Australia
DP Vijaykumar,34.0,DCH,9,1,,4,49.75,1986-10-20,4165,India
Shoaib Ahmed,33.0,DCH,8,1,0.5,5,30.4,1987-11-19,4160,India
MA Wood,30.0,CSK,1,1,1.0,0,,1990-11-01,4421,England
LE Plunkett,35.0,DDV,7,1,1.0,4,56.25,1985-06-04,3331,England
SE Bond,45.0,KKR,8,1,1.0,9,24.89,1975-07-06,2996,New Zealand
BE Hendricks,30.0,KXI,7,1,1.0,9,26.11,1990-08-06,4273,South Africa
Shahbaz Ahmed,26.0,RCB,2,1,,2,22.0,1994-12-12,5861,India
P Parameswaran,35.0,"KTK, RCB",8,1,,9,24.89,1985-05-30,4124,India
DJ Muthuswami,39.0,DDV,5,1,1.0,3,27.67,1981-09-03,4411,India
HF Gurney,34.0,KKR,8,1,,7,34.0,1986-10-25,4307,England
Mustafizur Rahman,25.0,"SUN, MIN",24,1,1.0,24,28.54,1995-06-09,4414,Bangladesh
PM Sarvesh Kumar,31.0,DCH,2,1,,1,42.0,1989-04-26,4172,India
Arshdeep Singh,21.0,KXI,11,0,0.0,12,27.25,1999-05-02,4933,India
Anand Rajan,33.0,SUN,2,0,,2,21.0,1987-04-17,4105,India
C Ganapathy,39.0,CSK,1,0,,0,,1981-10-06,4188,India
KM Asif,27.0,CSK,2,0,,3,25.0,1993-07-24,4749,India
S Sandeep Warrier,29.0,KKR,4,0,,2,59.5,1991-04-04,4126,India
D Joseph,39.0,DDV,1,0,,1,18.0,1981-09-03,4385,India
Gagandeep Singh,39.0,KXI,4,0,,3,47.0,1981-03-10,4162,India
JL Denly,34.0,KKR,1,0,0.0,0,,1986-03-16,3724,England
U Kaul,33.0,KXI,5,0,,0,,1987-02-12,4168,India
R Pawar,41.0,MIN,1,0,,0,,1979-06-09,4175,India
Harmeet Singh (2),28.0,RRO,1,0,,1,34.0,1992-07-09,4095,India
Tejas Baroka,24.0,GUJ,1,0,,0,,1996-01-02,4663,India
BW Hilfenhaus,37.0,CSK,17,0,,22,21.77,1983-03-15,3455,Australia
AS Roy,22.0,MIN,1,0,,1,11.0,1998-11-30,4775,India
TP Sudhindra,36.0,DCH,3,0,,1,136.0,1984-04-24,4210,India
IC Pandey,31.0,"PWI, CSK",25,0,0.0,18,32.83,1989-10-15,4082,India
DJ Willey,30.0,CSK,3,0,,2,47.5,1990-02-28,4420,England
K Khejroliya,28.0,RCB,5,0,,3,51.0,1992-03-13,4669,India
T Shamsi,30.0,RCB,4,0,,3,49.0,1990-02-18,4562,South Africa
SS Sarkar,36.0,KKR,2,0,,1,34.0,1984-12-15,4174,India
Anand Rajan,33.0,DCH,6,0,,6,26.5,1987-04-17,4205,India
P Amarnath,38.0,CSK,6,0,,7,33.71,1982-01-06,4138,India
B Geeves,38.0,DDV,2,0,,1,91.0,1982-06-13,3615,Australia
KK Ahmed,23.0,SUN,17,0,0.0,27,21.0,1997-05-12,4539,India
SS Agarwal,27.0,GUJ,1,0,,1,42.0,1993-11-21,4658,India
L Ablish,38.0,KXI,3,0,,3,25.0,1982-03-12,4191,India
Abdur Razzak,38.0,RCB,1,0,,0,,1982-06-15,3180,Bangladesh
AA Kazi,31.0,RCB,1,0,,0,,1989-09-29,4204,India
RA Shaikh,35.0,MIN,1,0,,0,,1985-12-06,4178,India
YA Abdulla,37.0,KXI,11,0,,15,20.47,1983-01-17,3694,South Africa
K Santokie,36.0,MIN,2,0,,3,30.0,1984-12-20,3907,West Indies
SS Mundhe,32.0,PWI,1,0,,1,6.0,1988-10-27,4208,India
AM Salvi,39.0,DDV,7,0,,7,28.57,1981-10-20,3106,India
JP Behrendorff,30.0,MIN,5,0,,5,33.0,1990-04-20,4705,Australia
RR Bhatkal,35.0,RCB,1,0,0.0,0,,1985-01-09,4211,India
S Midhun,26.0,RRO,1,0,,0,,1994-07-10,4780,India
JW Hastings,35.0,"CSK, KKR",3,0,,3,22.0,1985-04-11,3831,Australia
P Prasanth,35.0,KTK,1,0,,0,,1985-05-22,4109,India
S Kaushik,25.0,GUJ,10,0,0.0,6,49.5,1995-09-07,4545,India
V Pratap Singh,28.0,DCH,9,0,0.0,10,29.6,1992-03-05,4110,India
O Thomas,23.0,RRO,4,0,,5,15.8,1997-02-18,4822,West Indies
RW Price,44.0,MIN,1,0,,0,,1976-12-06,2201,Zimbabwe
SC Kuggeleijn,28.0,CSK,2,0,,2,35.5,1992-03-01,4685,New Zealand
GS Sandhu,27.0,DDV,3,0,,1,82.0,1993-06-14,4374,Australia
Y Prithvi Raj,22.0,KKR,2,0,,1,57.0,1998-02-20,4939,India
NB Singh,25.0,GUJ,2,0,,1,15.0,1995-08-09,4555,India
SS Cottrell,31.0,KXI,6,0,0.0,6,29.33,1989-08-19,4249,West Indies
CJ Dala,30.0,DDV,1,0,,0,,1989-12-29,4739,South Africa
T Mishra,34.0,DCH,1,0,,0,,1986-12-22,3345,Kenya
KH Devdhar,31.0,DCH,1,0,,0,,1989-12-14,4207,India
C Nanda,41.0,MIN,3,0,0.0,2,28.5,1979-03-29,4173,India
Monu Kumar,26.0,CSK,1,0,,0,,1994-05-11,4753,India
JR Hazlewood,29.0,CSK,3,0,,1,64.0,1991-08-01,3799,Australia
MB Parmar,32.0,KKR,1,0,,0,,1988-12-04,4189,India
P Suyal,31.0,MIN,5,0,,2,75.5,1989-10-15,4071,India
A Nel,43.0,MIN,1,0,0.0,1,31.0,1977-07-15,2970,South Africa
CJ Green,27.0,KKR,1,0,,0,,1993-01-10,5853,Australia
P Dharmani,46.0,KXI,1,0,,0,,1974-09-27,2668,India
Sunny Gupta,32.0,DDV,1,0,0.0,0,,1988-09-27,4213,India
MG Neser,30.0,KXI,1,0,,0,,1990-03-29,4201,Australia
L Ngidi,24.0,CSK,11,0,,20,16.15,1996-03-29,4636,South Africa
SM Boland,31.0,RPS,2,0,,2,27.0,1989-11-04,4511,Australia
ND Doshi,42.0,"RCB, RRO",4,0,0.0,2,39.5,1978-06-10,4195,India
DR Sams,28.0,DDV,3,0,0.0,0,,1992-10-27,5847,Australia
MJ Henry,29.0,KXI,2,0,,1,71.0,1991-12-14,4257,New Zealand
S Ladda,34.0,"DDV, KKR, GUJ",9,0,0.0,5,44.8,1986-10-07,4053,India
S Lamichhane,20.0,DDV,9,0,0.0,13,22.46,2000-02-08,4757,Nepal
RR Bose,41.0,KXI,1,0,,0,,1979-02-27,4158,India
